{"cameraMode":{"drawMode":0,"name":"Shaded","section":"Shading Mode"},"sceneLighting":true,"audioPlay":false,"sceneViewState":{"m_AlwaysRefresh":false,"showFog":true,"showSkybox":true,"showFlares":true,"showImageEffects":true,"showParticleSystems":true,"showVisualEffectGraphs":true,"m_FxEnabled":true},"in2DMode":false,"pivot":{"x":1.1879096031188965,"y":0.9829365015029907,"z":5.751800537109375},"rotation":{"x":-0.09613814949989319,"y":-0.02179965004324913,"z":0.002106825355440378,"w":-0.9951310157775879},"size":5.862602710723877,"orthographic":false}